﻿{
  "tag": "✧",


  "ekipRolu": ["994370410277785732"],
  "unregRoles": ["994370453298761749"],
  "boosterRolu": "945761792846626866",
  "staffs": ["995481816075096185"],

  "rankLog": "969760771301060728",

  "BaşvuruKategoryID":"945476169787142215",
    "BasvuruKomutKullanımKanalı":"990287552768507944",
    "BaşvuruDurumLog": "990287552768507944",
    "BaşvuruLogChannelID":"990287552768507944",
    "ÖneriİstekChannelID":"995603236234997770",
    "SikayetChannelID":"995603234162999296",


  
  "chatChannel": "906066849085653012",
  
  "nsfwlog" : "nsfw-log", 
  "komutLog" : "komutLog", 
  "rollogchannel": "rollogchannel",
  "voiceLogChannel": "voicelogchannel",
  "messageLogChannel": "messagelogchannel",
  "mutelog": "mute-log",
  "unmutelog": "unmute-log",
  "unjaillog": "unjail-log",
  "jaillog": "jail-log",
  "banlog": "ban-log",
  "unbanlog": "unban-log",
  "sesmutelog": "ses-mute-log",

  "publicParents": ["989193753615040613"],
  "privateParents": ["945760988836282377"], 
  "aloneParents": [ "945760989301841976"], 
  "funParents": ["945760987833847883"], 
  "registerParents": ["945760986411991143"], 
  "solvingParents": ["923331952549978166"]


}