{
    "Iptal": "Iptal",
    "Onay": "Onay",
    "erkekTepkiID": "erkek",
    "kadınTepkiID": "kadin",
    "Tag": "tag",
    "chatSusturuldu": "chatMute",
    "sesSusturuldu": "voiceMute",
    "Cezalandırıldı": "Cezalandirildi",
    "Yasaklandı": "Yasaklandi",
    "sesMuteKaldırıldı": "unVoiceMute",
    "chatMuteKaldırıldı": "unChatMute",
    "Konfeti": "KonfetiGif",
    "Icon": "rubyBit",
    "uyeEmojiID": "uye",
    "sarıYıldız": "sariYildiz",
    "boostluNitro": "boostluNitro",
    "klasikNitro": "klasikNitro",
    "Netflix": "netflix",
    "Spotify": "spotify",
    "Exxen": "exxen",
    "Youtube": "youtube",
    "voiceDeaf": "voiceDeaf",
    "market": "Rand_7260",
    "kalanzaman": "kalanzaman",
    "envanter": "envanter",
    "web": "web",
    "telefon": "telefon",
    "offline": "offline",
    "bilgisayar": "pc",
    "uyari": "uyari",
    
    "Numbers": {
        "One": "bir",
        "Two": "iki",
        "Three": "uc",
        "Four": "dort",
        "Five": "bes",
        "Six": "alti",
        "Seven": "yedi",
        "Eight": "sekiz",
        "Nine": "dokuz",
        "Zero": "sifir"
    },

    "Terfi": {
        "başlangıçBar": "baslangicBar",
        "başlamaBar": "baslamaBar",
        "doluBar": "doluBar",
        "doluBitişBar": "doluBitisBar",
        "boşBar": "bosBar",
        "boşBitişBar": "bosBitisBar",
        "icon": "icon",
        "miniicon": "miniicon"
    },

    "Görev": {
        "OK": "tamamlandi",
        "Sandık": "sandik",
        "Sandik2": "sandik2",
        "Win": "sehira_cfwin",
        "Lose": "sehira_cflose",
        "Cf": "sehira_cf",
        "Sell": "sell",
        "Slot": "sehira_slot",
        "Vis": "sehira_vis",
        "Heart": "sehira_heart",
        "Pat": "sehira_pat",
        "Taglı": "tagged",
        "Para": "para",
        "Yedi": "777",
        "XP": "xp",
        "Ses": "talking",
        "Yetkili": "staff",
        "Kek": "kekcookie",
        "Mesaj": "chating",
        "Altın": "Gold"
    }

}