{
    "SERVER": {
        "ID": "997621327408148531",
        "Name": "bot deneme2"
    },

    "TOKENS": {
        "Requirements": "", 
        "Statistics": "",
        "Voucher": "",

        "SECURITY": {
            "MAIN": "",
            "SEC_ONE": "",
            "SEC_TWO": "",
            "SEC_THREE": "",
            "SEC_FOUR": "",
            "DISTS": [
                "",
                "",
                "",
                ""
            ],
            "GUILD_OWNER_TOKEN": ""
        },

        "WELCOME": {
            "Active": true,
            "WELCOMES": [
                "",
                "",
                "",
                "",
                ""
        ],
            "WELCOME_CHANNELS": [
                "",
        "",
        "",
        "",
        ""
            ]
        }
    },
    "botSettings": {
        "Prefixs": [".","+","!","/","-"]
    },



    "WELCOMES": [
        "",
                "",
                "",
                "",
                ""
    ],

    "WELCOME_CHANNELS": [
        "",
        "",
        "",
        "",
        ""
    ],

    "embed": {
        "iconURL": "",
        "başlık": "",
        "altbaşlık": "Developed By Ramal",
        "renk": "RANDOM"
      },

    "botStatus": {
        "Status": "idle",
        "Name": "Developed By Ramal",
        "voiceChannelID": "997621328003743849"
    },
    "Database" : {
        "Active": true,
        "MongoURL": ""
    }

}

